type,start,end,description,drug,ccd,residue,n+AF8-structures,pdb+AF8-ids,url
AFATINIB,718,718,+ACI-Afatinib contacts Leu718 in 2 PDB entries (4g5j, 4g5p)+ACI-,Afatinib,0WN,Leu718,2,4g5j 4g5p,https://www.ebi.ac.uk/pdbe/entry/pdb/4g5j
AFATINIB,726,726,+ACI-Afatinib contacts Val726 in 2 PDB entries (4g5j, 4g5p)+ACI-,Afatinib,0WN,Val726,2,4g5j 4g5p,https://www.ebi.ac.uk/pdbe/entry/pdb/4g5j
AFATINIB,728,728,+ACI-Afatinib contacts Lys728 in 2 PDB entries (4g5j, 4g5p)+ACI-,Afatinib,0WN,Lys728,2,4g5j 4g5p,https://www.ebi.ac.uk/pdbe/entry/pdb/4g5j
AFATINIB,743,743,+ACI-Afatinib contacts Ala743 in 2 PDB entries (4g5j, 4g5p)+ACI-,Afatinib,0WN,Ala743,2,4g5j 4g5p,https://www.ebi.ac.uk/pdbe/entry/pdb/4g5j
AFATINIB,745,745,+ACI-Afatinib contacts Lys745 in 2 PDB entries (4g5j, 4g5p)+ACI-,Afatinib,0WN,Lys745,2,4g5j 4g5p,https://www.ebi.ac.uk/pdbe/entry/pdb/4g5j
AFATINIB,766,766,+ACI-Afatinib contacts Met766 in 2 PDB entries (4g5j, 4g5p)+ACI-,Afatinib,0WN,Met766,2,4g5j 4g5p,https://www.ebi.ac.uk/pdbe/entry/pdb/4g5j
AFATINIB,788,788,+ACI-Afatinib contacts Leu788 in 2 PDB entries (4g5j, 4g5p)+ACI-,Afatinib,0WN,Leu788,2,4g5j 4g5p,https://www.ebi.ac.uk/pdbe/entry/pdb/4g5j
AFATINIB,790,790,+ACI-Afatinib contacts Thr790 in 2 PDB entries (4g5j, 4g5p)+ACI-,Afatinib,0WN,Thr790,2,4g5j 4g5p,https://www.ebi.ac.uk/pdbe/entry/pdb/4g5j
AFATINIB,791,791,+ACI-Afatinib contacts Gln791 in 2 PDB entries (4g5j, 4g5p)+ACI-,Afatinib,0WN,Gln791,2,4g5j 4g5p,https://www.ebi.ac.uk/pdbe/entry/pdb/4g5j
AFATINIB,792,792,+ACI-Afatinib contacts Leu792 in 2 PDB entries (4g5j, 4g5p)+ACI-,Afatinib,0WN,Leu792,2,4g5j 4g5p,https://www.ebi.ac.uk/pdbe/entry/pdb/4g5j
AFATINIB,793,793,+ACI-Afatinib contacts Met793 in 2 PDB entries (4g5j, 4g5p)+ACI-,Afatinib,0WN,Met793,2,4g5j 4g5p,https://www.ebi.ac.uk/pdbe/entry/pdb/4g5j
AFATINIB,794,794,+ACI-Afatinib contacts Pro794 in 2 PDB entries (4g5j, 4g5p)+ACI-,Afatinib,0WN,Pro794,2,4g5j 4g5p,https://www.ebi.ac.uk/pdbe/entry/pdb/4g5j
AFATINIB,796,796,+ACI-Afatinib contacts Gly796 in 2 PDB entries (4g5j, 4g5p)+ACI-,Afatinib,0WN,Gly796,2,4g5j 4g5p,https://www.ebi.ac.uk/pdbe/entry/pdb/4g5j
AFATINIB,797,797,+ACI-Afatinib contacts Cys797 in 2 PDB entries (4g5j, 4g5p)+ACI-,Afatinib,0WN,Cys797,2,4g5j 4g5p,https://www.ebi.ac.uk/pdbe/entry/pdb/4g5j
AFATINIB,800,800,+ACI-Afatinib contacts Asp800 in 2 PDB entries (4g5j, 4g5p)+ACI-,Afatinib,0WN,Asp800,2,4g5j 4g5p,https://www.ebi.ac.uk/pdbe/entry/pdb/4g5j
AFATINIB,844,844,+ACI-Afatinib contacts Leu844 in 2 PDB entries (4g5j, 4g5p)+ACI-,Afatinib,0WN,Leu844,2,4g5j 4g5p,https://www.ebi.ac.uk/pdbe/entry/pdb/4g5j
AFATINIB,854,854,+ACI-Afatinib contacts Thr854 in 2 PDB entries (4g5j, 4g5p)+ACI-,Afatinib,0WN,Thr854,2,4g5j 4g5p,https://www.ebi.ac.uk/pdbe/entry/pdb/4g5j
AFATINIB,855,855,+ACI-Afatinib contacts Asp855 in 2 PDB entries (4g5j, 4g5p)+ACI-,Afatinib,0WN,Asp855,2,4g5j 4g5p,https://www.ebi.ac.uk/pdbe/entry/pdb/4g5j
AMP+AF8-PNP,718,718,+ACI-AMP+AC0-PNP (ATP analogue) contacts Leu718 in 35 PDB entries (2eb3, 2gs7, 2itn, 2itv, 2itx, +ICY-)+ACI-,AMP+AC0-PNP (ATP analogue),ANP,Leu718,35,2eb3 2gs7 2itn 2itv 2itx 3gt8 3vjn 3vjo 4riw 4rix 4riy 4zse 5cnn 5cno 5d41 5x2a 6duk 6p1d 6p1l 6p8q 6wak 6wxn 6xl4 7jxk 7jxm 7jxp 7jxq 7k1i 7ltx 8dsw 8fv3 8fv4 8gb4 8to3 8to4,https://www.ebi.ac.uk/pdbe/entry/pdb/2eb3
AMP+AF8-PNP,719,719,+ACI-AMP+AC0-PNP (ATP analogue) contacts Gly719 in 35 PDB entries (2eb3, 2gs7, 2itn, 2itv, 2itx, +ICY-)+ACI-,AMP+AC0-PNP (ATP analogue),ANP,Gly719,35,2eb3 2gs7 2itn 2itv 2itx 3gt8 3vjn 3vjo 4riw 4rix 4riy 4zse 5cnn 5cno 5d41 5x2a 6duk 6p1d 6p1l 6p8q 6wak 6wxn 6xl4 7jxk 7jxm 7jxp 7jxq 7k1i 7ltx 8dsw 8fv3 8fv4 8gb4 8to3 8to4,https://www.ebi.ac.uk/pdbe/entry/pdb/2eb3
AMP+AF8-PNP,720,720,+ACI-AMP+AC0-PNP (ATP analogue) contacts Ser720 in 35 PDB entries (2eb3, 2gs7, 2itn, 2itv, 2itx, +ICY-)+ACI-,AMP+AC0-PNP (ATP analogue),ANP,Ser720,35,2eb3 2gs7 2itn 2itv 2itx 3gt8 3vjn 3vjo 4riw 4rix 4riy 4zse 5cnn 5cno 5d41 5x2a 6duk 6p1d 6p1l 6p8q 6wak 6wxn 6xl4 7jxk 7jxm 7jxp 7jxq 7k1i 7ltx 8dsw 8fv3 8fv4 8gb4 8to3 8to4,https://www.ebi.ac.uk/pdbe/entry/pdb/2eb3
AMP+AF8-PNP,721,721,+ACI-AMP+AC0-PNP (ATP analogue) contacts Gly721 in 35 PDB entries (2eb3, 2gs7, 2itn, 2itv, 2itx, +ICY-)+ACI-,AMP+AC0-PNP (ATP analogue),ANP,Gly721,35,2eb3 2gs7 2itn 2itv 2itx 3gt8 3vjn 3vjo 4riw 4rix 4riy 4zse 5cnn 5cno 5d41 5x2a 6duk 6p1d 6p1l 6p8q 6wak 6wxn 6xl4 7jxk 7jxm 7jxp 7jxq 7k1i 7ltx 8dsw 8fv3 8fv4 8gb4 8to3 8to4,https://www.ebi.ac.uk/pdbe/entry/pdb/2eb3
AMP+AF8-PNP,722,722,+ACI-AMP+AC0-PNP (ATP analogue) contacts Ala722 in 35 PDB entries (2eb3, 2gs7, 2itn, 2itv, 2itx, +ICY-)+ACI-,AMP+AC0-PNP (ATP analogue),ANP,Ala722,35,2eb3 2gs7 2itn 2itv 2itx 3gt8 3vjn 3vjo 4riw 4rix 4riy 4zse 5cnn 5cno 5d41 5x2a 6duk 6p1d 6p1l 6p8q 6wak 6wxn 6xl4 7jxk 7jxm 7jxp 7jxq 7k1i 7ltx 8dsw 8fv3 8fv4 8gb4 8to3 8to4,https://www.ebi.ac.uk/pdbe/entry/pdb/2eb3
AMP+AF8-PNP,723,723,+ACI-AMP+AC0-PNP (ATP analogue) contacts Phe723 in 35 PDB entries (2eb3, 2gs7, 2itn, 2itv, 2itx, +ICY-)+ACI-,AMP+AC0-PNP (ATP analogue),ANP,Phe723,35,2eb3 2gs7 2itn 2itv 2itx 3gt8 3vjn 3vjo 4riw 4rix 4riy 4zse 5cnn 5cno 5d41 5x2a 6duk 6p1d 6p1l 6p8q 6wak 6wxn 6xl4 7jxk 7jxm 7jxp 7jxq 7k1i 7ltx 8dsw 8fv3 8fv4 8gb4 8to3 8to4,https://www.ebi.ac.uk/pdbe/entry/pdb/2eb3
AMP+AF8-PNP,724,724,+ACI-AMP+AC0-PNP (ATP analogue) contacts Gly724 in 35 PDB entries (2eb3, 2gs7, 2itn, 2itv, 2itx, +ICY-)+ACI-,AMP+AC0-PNP (ATP analogue),ANP,Gly724,35,2eb3 2gs7 2itn 2itv 2itx 3gt8 3vjn 3vjo 4riw 4rix 4riy 4zse 5cnn 5cno 5d41 5x2a 6duk 6p1d 6p1l 6p8q 6wak 6wxn 6xl4 7jxk 7jxm 7jxp 7jxq 7k1i 7ltx 8dsw 8fv3 8fv4 8gb4 8to3 8to4,https://www.ebi.ac.uk/pdbe/entry/pdb/2eb3
AMP+AF8-PNP,726,726,+ACI-AMP+AC0-PNP (ATP analogue) contacts Val726 in 35 PDB entries (2eb3, 2gs7, 2itn, 2itv, 2itx, +ICY-)+ACI-,AMP+AC0-PNP (ATP analogue),ANP,Val726,35,2eb3 2gs7 2itn 2itv 2itx 3gt8 3vjn 3vjo 4riw 4rix 4riy 4zse 5cnn 5cno 5d41 5x2a 6duk 6p1d 6p1l 6p8q 6wak 6wxn 6xl4 7jxk 7jxm 7jxp 7jxq 7k1i 7ltx 8dsw 8fv3 8fv4 8gb4 8to3 8to4,https://www.ebi.ac.uk/pdbe/entry/pdb/2eb3
AMP+AF8-PNP,743,743,+ACI-AMP+AC0-PNP (ATP analogue) contacts Ala743 in 35 PDB entries (2eb3, 2gs7, 2itn, 2itv, 2itx, +ICY-)+ACI-,AMP+AC0-PNP (ATP analogue),ANP,Ala743,35,2eb3 2gs7 2itn 2itv 2itx 3gt8 3vjn 3vjo 4riw 4rix 4riy 4zse 5cnn 5cno 5d41 5x2a 6duk 6p1d 6p1l 6p8q 6wak 6wxn 6xl4 7jxk 7jxm 7jxp 7jxq 7k1i 7ltx 8dsw 8fv3 8fv4 8gb4 8to3 8to4,https://www.ebi.ac.uk/pdbe/entry/pdb/2eb3
AMP+AF8-PNP,745,745,+ACI-AMP+AC0-PNP (ATP analogue) contacts Lys745 in 35 PDB entries (2eb3, 2gs7, 2itn, 2itv, 2itx, +ICY-)+ACI-,AMP+AC0-PNP (ATP analogue),ANP,Lys745,35,2eb3 2gs7 2itn 2itv 2itx 3gt8 3vjn 3vjo 4riw 4rix 4riy 4zse 5cnn 5cno 5d41 5x2a 6duk 6p1d 6p1l 6p8q 6wak 6wxn 6xl4 7jxk 7jxm 7jxp 7jxq 7k1i 7ltx 8dsw 8fv3 8fv4 8gb4 8to3 8to4,https://www.ebi.ac.uk/pdbe/entry/pdb/2eb3
AMP+AF8-PNP,790,790,+ACI-AMP+AC0-PNP (ATP analogue) contacts Thr790 in 35 PDB entries (2eb3, 2gs7, 2itn, 2itv, 2itx, +ICY-)+ACI-,AMP+AC0-PNP (ATP analogue),ANP,Thr790,35,2eb3 2gs7 2itn 2itv 2itx 3gt8 3vjn 3vjo 4riw 4rix 4riy 4zse 5cnn 5cno 5d41 5x2a 6duk 6p1d 6p1l 6p8q 6wak 6wxn 6xl4 7jxk 7jxm 7jxp 7jxq 7k1i 7ltx 8dsw 8fv3 8fv4 8gb4 8to3 8to4,https://www.ebi.ac.uk/pdbe/entry/pdb/2eb3
AMP+AF8-PNP,791,791,+ACI-AMP+AC0-PNP (ATP analogue) contacts Gln791 in 35 PDB entries (2eb3, 2gs7, 2itn, 2itv, 2itx, +ICY-)+ACI-,AMP+AC0-PNP (ATP analogue),ANP,Gln791,35,2eb3 2gs7 2itn 2itv 2itx 3gt8 3vjn 3vjo 4riw 4rix 4riy 4zse 5cnn 5cno 5d41 5x2a 6duk 6p1d 6p1l 6p8q 6wak 6wxn 6xl4 7jxk 7jxm 7jxp 7jxq 7k1i 7ltx 8dsw 8fv3 8fv4 8gb4 8to3 8to4,https://www.ebi.ac.uk/pdbe/entry/pdb/2eb3
AMP+AF8-PNP,792,792,+ACI-AMP+AC0-PNP (ATP analogue) contacts Leu792 in 35 PDB entries (2eb3, 2gs7, 2itn, 2itv, 2itx, +ICY-)+ACI-,AMP+AC0-PNP (ATP analogue),ANP,Leu792,35,2eb3 2gs7 2itn 2itv 2itx 3gt8 3vjn 3vjo 4riw 4rix 4riy 4zse 5cnn 5cno 5d41 5x2a 6duk 6p1d 6p1l 6p8q 6wak 6wxn 6xl4 7jxk 7jxm 7jxp 7jxq 7k1i 7ltx 8dsw 8fv3 8fv4 8gb4 8to3 8to4,https://www.ebi.ac.uk/pdbe/entry/pdb/2eb3
AMP+AF8-PNP,793,793,+ACI-AMP+AC0-PNP (ATP analogue) contacts Met793 in 35 PDB entries (2eb3, 2gs7, 2itn, 2itv, 2itx, +ICY-)+ACI-,AMP+AC0-PNP (ATP analogue),ANP,Met793,35,2eb3 2gs7 2itn 2itv 2itx 3gt8 3vjn 3vjo 4riw 4rix 4riy 4zse 5cnn 5cno 5d41 5x2a 6duk 6p1d 6p1l 6p8q 6wak 6wxn 6xl4 7jxk 7jxm 7jxp 7jxq 7k1i 7ltx 8dsw 8fv3 8fv4 8gb4 8to3 8to4,https://www.ebi.ac.uk/pdbe/entry/pdb/2eb3
AMP+AF8-PNP,797,797,+ACI-AMP+AC0-PNP (ATP analogue) contacts Cys797 in 35 PDB entries (2eb3, 2gs7, 2itn, 2itv, 2itx, +ICY-)+ACI-,AMP+AC0-PNP (ATP analogue),ANP,Cys797,35,2eb3 2gs7 2itn 2itv 2itx 3gt8 3vjn 3vjo 4riw 4rix 4riy 4zse 5cnn 5cno 5d41 5x2a 6duk 6p1d 6p1l 6p8q 6wak 6wxn 6xl4 7jxk 7jxm 7jxp 7jxq 7k1i 7ltx 8dsw 8fv3 8fv4 8gb4 8to3 8to4,https://www.ebi.ac.uk/pdbe/entry/pdb/2eb3
AMP+AF8-PNP,837,837,+ACI-AMP+AC0-PNP (ATP analogue) contacts Asp837 in 35 PDB entries (2eb3, 2gs7, 2itn, 2itv, 2itx, +ICY-)+ACI-,AMP+AC0-PNP (ATP analogue),ANP,Asp837,35,2eb3 2gs7 2itn 2itv 2itx 3gt8 3vjn 3vjo 4riw 4rix 4riy 4zse 5cnn 5cno 5d41 5x2a 6duk 6p1d 6p1l 6p8q 6wak 6wxn 6xl4 7jxk 7jxm 7jxp 7jxq 7k1i 7ltx 8dsw 8fv3 8fv4 8gb4 8to3 8to4,https://www.ebi.ac.uk/pdbe/entry/pdb/2eb3
AMP+AF8-PNP,841,841,+ACI-AMP+AC0-PNP (ATP analogue) contacts Arg841 in 35 PDB entries (2eb3, 2gs7, 2itn, 2itv, 2itx, +ICY-)+ACI-,AMP+AC0-PNP (ATP analogue),ANP,Arg841,35,2eb3 2gs7 2itn 2itv 2itx 3gt8 3vjn 3vjo 4riw 4rix 4riy 4zse 5cnn 5cno 5d41 5x2a 6duk 6p1d 6p1l 6p8q 6wak 6wxn 6xl4 7jxk 7jxm 7jxp 7jxq 7k1i 7ltx 8dsw 8fv3 8fv4 8gb4 8to3 8to4,https://www.ebi.ac.uk/pdbe/entry/pdb/2eb3
AMP+AF8-PNP,842,842,+ACI-AMP+AC0-PNP (ATP analogue) contacts Asn842 in 35 PDB entries (2eb3, 2gs7, 2itn, 2itv, 2itx, +ICY-)+ACI-,AMP+AC0-PNP (ATP analogue),ANP,Asn842,35,2eb3 2gs7 2itn 2itv 2itx 3gt8 3vjn 3vjo 4riw 4rix 4riy 4zse 5cnn 5cno 5d41 5x2a 6duk 6p1d 6p1l 6p8q 6wak 6wxn 6xl4 7jxk 7jxm 7jxp 7jxq 7k1i 7ltx 8dsw 8fv3 8fv4 8gb4 8to3 8to4,https://www.ebi.ac.uk/pdbe/entry/pdb/2eb3
AMP+AF8-PNP,844,844,+ACI-AMP+AC0-PNP (ATP analogue) contacts Leu844 in 35 PDB entries (2eb3, 2gs7, 2itn, 2itv, 2itx, +ICY-)+ACI-,AMP+AC0-PNP (ATP analogue),ANP,Leu844,35,2eb3 2gs7 2itn 2itv 2itx 3gt8 3vjn 3vjo 4riw 4rix 4riy 4zse 5cnn 5cno 5d41 5x2a 6duk 6p1d 6p1l 6p8q 6wak 6wxn 6xl4 7jxk 7jxm 7jxp 7jxq 7k1i 7ltx 8dsw 8fv3 8fv4 8gb4 8to3 8to4,https://www.ebi.ac.uk/pdbe/entry/pdb/2eb3
AMP+AF8-PNP,855,855,+ACI-AMP+AC0-PNP (ATP analogue) contacts Asp855 in 35 PDB entries (2eb3, 2gs7, 2itn, 2itv, 2itx, +ICY-)+ACI-,AMP+AC0-PNP (ATP analogue),ANP,Asp855,35,2eb3 2gs7 2itn 2itv 2itx 3gt8 3vjn 3vjo 4riw 4rix 4riy 4zse 5cnn 5cno 5d41 5x2a 6duk 6p1d 6p1l 6p8q 6wak 6wxn 6xl4 7jxk 7jxm 7jxp 7jxq 7k1i 7ltx 8dsw 8fv3 8fv4 8gb4 8to3 8to4,https://www.ebi.ac.uk/pdbe/entry/pdb/2eb3
AMP+AF8-PNP,858,858,+ACI-AMP+AC0-PNP (ATP analogue) contacts Leu858 in 35 PDB entries (2eb3, 2gs7, 2itn, 2itv, 2itx, +ICY-)+ACI-,AMP+AC0-PNP (ATP analogue),ANP,Leu858,35,2eb3 2gs7 2itn 2itv 2itx 3gt8 3vjn 3vjo 4riw 4rix 4riy 4zse 5cnn 5cno 5d41 5x2a 6duk 6p1d 6p1l 6p8q 6wak 6wxn 6xl4 7jxk 7jxm 7jxp 7jxq 7k1i 7ltx 8dsw 8fv3 8fv4 8gb4 8to3 8to4,https://www.ebi.ac.uk/pdbe/entry/pdb/2eb3
DACOMITINIB,718,718,+ACI-Dacomitinib contacts Leu718 in 2 PDB entries (4i23, 4i24)+ACI-,Dacomitinib,1C9,Leu718,2,4i23 4i24,https://www.ebi.ac.uk/pdbe/entry/pdb/4i23
DACOMITINIB,726,726,+ACI-Dacomitinib contacts Val726 in 2 PDB entries (4i23, 4i24)+ACI-,Dacomitinib,1C9,Val726,2,4i23 4i24,https://www.ebi.ac.uk/pdbe/entry/pdb/4i23
DACOMITINIB,743,743,+ACI-Dacomitinib contacts Ala743 in 2 PDB entries (4i23, 4i24)+ACI-,Dacomitinib,1C9,Ala743,2,4i23 4i24,https://www.ebi.ac.uk/pdbe/entry/pdb/4i23
DACOMITINIB,745,745,+ACI-Dacomitinib contacts Lys745 in 2 PDB entries (4i23, 4i24)+ACI-,Dacomitinib,1C9,Lys745,2,4i23 4i24,https://www.ebi.ac.uk/pdbe/entry/pdb/4i23
DACOMITINIB,766,766,+ACI-Dacomitinib contacts Met766 in 2 PDB entries (4i23, 4i24)+ACI-,Dacomitinib,1C9,Met766,2,4i23 4i24,https://www.ebi.ac.uk/pdbe/entry/pdb/4i23
DACOMITINIB,788,788,+ACI-Dacomitinib contacts Leu788 in 2 PDB entries (4i23, 4i24)+ACI-,Dacomitinib,1C9,Leu788,2,4i23 4i24,https://www.ebi.ac.uk/pdbe/entry/pdb/4i23
DACOMITINIB,790,790,+ACI-Dacomitinib contacts Thr790 in 2 PDB entries (4i23, 4i24)+ACI-,Dacomitinib,1C9,Thr790,2,4i23 4i24,https://www.ebi.ac.uk/pdbe/entry/pdb/4i23
DACOMITINIB,791,791,+ACI-Dacomitinib contacts Gln791 in 2 PDB entries (4i23, 4i24)+ACI-,Dacomitinib,1C9,Gln791,2,4i23 4i24,https://www.ebi.ac.uk/pdbe/entry/pdb/4i23
DACOMITINIB,792,792,+ACI-Dacomitinib contacts Leu792 in 2 PDB entries (4i23, 4i24)+ACI-,Dacomitinib,1C9,Leu792,2,4i23 4i24,https://www.ebi.ac.uk/pdbe/entry/pdb/4i23
DACOMITINIB,793,793,+ACI-Dacomitinib contacts Met793 in 2 PDB entries (4i23, 4i24)+ACI-,Dacomitinib,1C9,Met793,2,4i23 4i24,https://www.ebi.ac.uk/pdbe/entry/pdb/4i23
DACOMITINIB,794,794,+ACI-Dacomitinib contacts Pro794 in 2 PDB entries (4i23, 4i24)+ACI-,Dacomitinib,1C9,Pro794,2,4i23 4i24,https://www.ebi.ac.uk/pdbe/entry/pdb/4i23
DACOMITINIB,796,796,+ACI-Dacomitinib contacts Gly796 in 2 PDB entries (4i23, 4i24)+ACI-,Dacomitinib,1C9,Gly796,2,4i23 4i24,https://www.ebi.ac.uk/pdbe/entry/pdb/4i23
DACOMITINIB,797,797,+ACI-Dacomitinib contacts Cys797 in 2 PDB entries (4i23, 4i24)+ACI-,Dacomitinib,1C9,Cys797,2,4i23 4i24,https://www.ebi.ac.uk/pdbe/entry/pdb/4i23
DACOMITINIB,800,800,+ACI-Dacomitinib contacts Asp800 in 2 PDB entries (4i23, 4i24)+ACI-,Dacomitinib,1C9,Asp800,2,4i23 4i24,https://www.ebi.ac.uk/pdbe/entry/pdb/4i23
DACOMITINIB,844,844,+ACI-Dacomitinib contacts Leu844 in 2 PDB entries (4i23, 4i24)+ACI-,Dacomitinib,1C9,Leu844,2,4i23 4i24,https://www.ebi.ac.uk/pdbe/entry/pdb/4i23
DACOMITINIB,854,854,+ACI-Dacomitinib contacts Thr854 in 2 PDB entries (4i23, 4i24)+ACI-,Dacomitinib,1C9,Thr854,2,4i23 4i24,https://www.ebi.ac.uk/pdbe/entry/pdb/4i23
DACOMITINIB,855,855,+ACI-Dacomitinib contacts Asp855 in 2 PDB entries (4i23, 4i24)+ACI-,Dacomitinib,1C9,Asp855,2,4i23 4i24,https://www.ebi.ac.uk/pdbe/entry/pdb/4i23
ERLOTINIB,718,718,+ACI-Erlotinib contacts Leu718 in 2 PDB entries (1m17, 4hjo)+ACI-,Erlotinib,AQ4,Leu718,2,1m17 4hjo,https://www.ebi.ac.uk/pdbe/entry/pdb/1m17
ERLOTINIB,726,726,+ACI-Erlotinib contacts Val726 in 2 PDB entries (1m17, 4hjo)+ACI-,Erlotinib,AQ4,Val726,2,1m17 4hjo,https://www.ebi.ac.uk/pdbe/entry/pdb/1m17
ERLOTINIB,743,743,+ACI-Erlotinib contacts Ala743 in 2 PDB entries (1m17, 4hjo)+ACI-,Erlotinib,AQ4,Ala743,2,1m17 4hjo,https://www.ebi.ac.uk/pdbe/entry/pdb/1m17
ERLOTINIB,745,745,+ACI-Erlotinib contacts Lys745 in 2 PDB entries (1m17, 4hjo)+ACI-,Erlotinib,AQ4,Lys745,2,1m17 4hjo,https://www.ebi.ac.uk/pdbe/entry/pdb/1m17
ERLOTINIB,762,762,+ACI-Erlotinib contacts Glu762 in 2 PDB entries (1m17, 4hjo)+ACI-,Erlotinib,AQ4,Glu762,2,1m17 4hjo,https://www.ebi.ac.uk/pdbe/entry/pdb/1m17
ERLOTINIB,788,788,+ACI-Erlotinib contacts Leu788 in 2 PDB entries (1m17, 4hjo)+ACI-,Erlotinib,AQ4,Leu788,2,1m17 4hjo,https://www.ebi.ac.uk/pdbe/entry/pdb/1m17
ERLOTINIB,790,790,+ACI-Erlotinib contacts Thr790 in 2 PDB entries (1m17, 4hjo)+ACI-,Erlotinib,AQ4,Thr790,2,1m17 4hjo,https://www.ebi.ac.uk/pdbe/entry/pdb/1m17
ERLOTINIB,791,791,+ACI-Erlotinib contacts Gln791 in 2 PDB entries (1m17, 4hjo)+ACI-,Erlotinib,AQ4,Gln791,2,1m17 4hjo,https://www.ebi.ac.uk/pdbe/entry/pdb/1m17
ERLOTINIB,792,792,+ACI-Erlotinib contacts Leu792 in 2 PDB entries (1m17, 4hjo)+ACI-,Erlotinib,AQ4,Leu792,2,1m17 4hjo,https://www.ebi.ac.uk/pdbe/entry/pdb/1m17
ERLOTINIB,793,793,+ACI-Erlotinib contacts Met793 in 2 PDB entries (1m17, 4hjo)+ACI-,Erlotinib,AQ4,Met793,2,1m17 4hjo,https://www.ebi.ac.uk/pdbe/entry/pdb/1m17
ERLOTINIB,794,794,+ACI-Erlotinib contacts Pro794 in 2 PDB entries (1m17, 4hjo)+ACI-,Erlotinib,AQ4,Pro794,2,1m17 4hjo,https://www.ebi.ac.uk/pdbe/entry/pdb/1m17
ERLOTINIB,796,796,+ACI-Erlotinib contacts Gly796 in 2 PDB entries (1m17, 4hjo)+ACI-,Erlotinib,AQ4,Gly796,2,1m17 4hjo,https://www.ebi.ac.uk/pdbe/entry/pdb/1m17
ERLOTINIB,844,844,+ACI-Erlotinib contacts Leu844 in 2 PDB entries (1m17, 4hjo)+ACI-,Erlotinib,AQ4,Leu844,2,1m17 4hjo,https://www.ebi.ac.uk/pdbe/entry/pdb/1m17
ERLOTINIB,854,854,+ACI-Erlotinib contacts Thr854 in 2 PDB entries (1m17, 4hjo)+ACI-,Erlotinib,AQ4,Thr854,2,1m17 4hjo,https://www.ebi.ac.uk/pdbe/entry/pdb/1m17
ERLOTINIB,855,855,+ACI-Erlotinib contacts Asp855 in 2 PDB entries (1m17, 4hjo)+ACI-,Erlotinib,AQ4,Asp855,2,1m17 4hjo,https://www.ebi.ac.uk/pdbe/entry/pdb/1m17
GEFITINIB,718,718,+ACI-Gefitinib contacts Leu718 in 6 PDB entries (2ito, 2ity, 2itz, 3ug2, 4i22, +ICY-)+ACI-,Gefitinib,IRE,Leu718,6,2ito 2ity 2itz 3ug2 4i22 4wkq,https://www.ebi.ac.uk/pdbe/entry/pdb/2ito
GEFITINIB,719,719,+ACI-Gefitinib contacts Gly719 in 6 PDB entries (2ito, 2ity, 2itz, 3ug2, 4i22, +ICY-)+ACI-,Gefitinib,IRE,Gly719,6,2ito 2ity 2itz 3ug2 4i22 4wkq,https://www.ebi.ac.uk/pdbe/entry/pdb/2ito
GEFITINIB,726,726,+ACI-Gefitinib contacts Val726 in 6 PDB entries (2ito, 2ity, 2itz, 3ug2, 4i22, +ICY-)+ACI-,Gefitinib,IRE,Val726,6,2ito 2ity 2itz 3ug2 4i22 4wkq,https://www.ebi.ac.uk/pdbe/entry/pdb/2ito
GEFITINIB,743,743,+ACI-Gefitinib contacts Ala743 in 6 PDB entries (2ito, 2ity, 2itz, 3ug2, 4i22, +ICY-)+ACI-,Gefitinib,IRE,Ala743,6,2ito 2ity 2itz 3ug2 4i22 4wkq,https://www.ebi.ac.uk/pdbe/entry/pdb/2ito
GEFITINIB,745,745,+ACI-Gefitinib contacts Lys745 in 6 PDB entries (2ito, 2ity, 2itz, 3ug2, 4i22, +ICY-)+ACI-,Gefitinib,IRE,Lys745,6,2ito 2ity 2itz 3ug2 4i22 4wkq,https://www.ebi.ac.uk/pdbe/entry/pdb/2ito
GEFITINIB,766,766,+ACI-Gefitinib contacts Met766 in 6 PDB entries (2ito, 2ity, 2itz, 3ug2, 4i22, +ICY-)+ACI-,Gefitinib,IRE,Met766,6,2ito 2ity 2itz 3ug2 4i22 4wkq,https://www.ebi.ac.uk/pdbe/entry/pdb/2ito
GEFITINIB,788,788,+ACI-Gefitinib contacts Leu788 in 6 PDB entries (2ito, 2ity, 2itz, 3ug2, 4i22, +ICY-)+ACI-,Gefitinib,IRE,Leu788,6,2ito 2ity 2itz 3ug2 4i22 4wkq,https://www.ebi.ac.uk/pdbe/entry/pdb/2ito
GEFITINIB,790,790,+ACI-Gefitinib contacts Thr790 in 6 PDB entries (2ito, 2ity, 2itz, 3ug2, 4i22, +ICY-)+ACI-,Gefitinib,IRE,Thr790,6,2ito 2ity 2itz 3ug2 4i22 4wkq,https://www.ebi.ac.uk/pdbe/entry/pdb/2ito
GEFITINIB,791,791,+ACI-Gefitinib contacts Gln791 in 6 PDB entries (2ito, 2ity, 2itz, 3ug2, 4i22, +ICY-)+ACI-,Gefitinib,IRE,Gln791,6,2ito 2ity 2itz 3ug2 4i22 4wkq,https://www.ebi.ac.uk/pdbe/entry/pdb/2ito
GEFITINIB,792,792,+ACI-Gefitinib contacts Leu792 in 6 PDB entries (2ito, 2ity, 2itz, 3ug2, 4i22, +ICY-)+ACI-,Gefitinib,IRE,Leu792,6,2ito 2ity 2itz 3ug2 4i22 4wkq,https://www.ebi.ac.uk/pdbe/entry/pdb/2ito
GEFITINIB,793,793,+ACI-Gefitinib contacts Met793 in 6 PDB entries (2ito, 2ity, 2itz, 3ug2, 4i22, +ICY-)+ACI-,Gefitinib,IRE,Met793,6,2ito 2ity 2itz 3ug2 4i22 4wkq,https://www.ebi.ac.uk/pdbe/entry/pdb/2ito
GEFITINIB,794,794,+ACI-Gefitinib contacts Pro794 in 6 PDB entries (2ito, 2ity, 2itz, 3ug2, 4i22, +ICY-)+ACI-,Gefitinib,IRE,Pro794,6,2ito 2ity 2itz 3ug2 4i22 4wkq,https://www.ebi.ac.uk/pdbe/entry/pdb/2ito
GEFITINIB,796,796,+ACI-Gefitinib contacts Gly796 in 6 PDB entries (2ito, 2ity, 2itz, 3ug2, 4i22, +ICY-)+ACI-,Gefitinib,IRE,Gly796,6,2ito 2ity 2itz 3ug2 4i22 4wkq,https://www.ebi.ac.uk/pdbe/entry/pdb/2ito
GEFITINIB,797,797,+ACI-Gefitinib contacts Cys797 in 6 PDB entries (2ito, 2ity, 2itz, 3ug2, 4i22, +ICY-)+ACI-,Gefitinib,IRE,Cys797,6,2ito 2ity 2itz 3ug2 4i22 4wkq,https://www.ebi.ac.uk/pdbe/entry/pdb/2ito
GEFITINIB,800,800,+ACI-Gefitinib contacts Asp800 in 6 PDB entries (2ito, 2ity, 2itz, 3ug2, 4i22, +ICY-)+ACI-,Gefitinib,IRE,Asp800,6,2ito 2ity 2itz 3ug2 4i22 4wkq,https://www.ebi.ac.uk/pdbe/entry/pdb/2ito
GEFITINIB,844,844,+ACI-Gefitinib contacts Leu844 in 6 PDB entries (2ito, 2ity, 2itz, 3ug2, 4i22, +ICY-)+ACI-,Gefitinib,IRE,Leu844,6,2ito 2ity 2itz 3ug2 4i22 4wkq,https://www.ebi.ac.uk/pdbe/entry/pdb/2ito
GEFITINIB,854,854,+ACI-Gefitinib contacts Thr854 in 6 PDB entries (2ito, 2ity, 2itz, 3ug2, 4i22, +ICY-)+ACI-,Gefitinib,IRE,Thr854,6,2ito 2ity 2itz 3ug2 4i22 4wkq,https://www.ebi.ac.uk/pdbe/entry/pdb/2ito
GEFITINIB,855,855,+ACI-Gefitinib contacts Asp855 in 6 PDB entries (2ito, 2ity, 2itz, 3ug2, 4i22, +ICY-)+ACI-,Gefitinib,IRE,Asp855,6,2ito 2ity 2itz 3ug2 4i22 4wkq,https://www.ebi.ac.uk/pdbe/entry/pdb/2ito
LAPATINIB,718,718,Lapatinib contacts Leu718 in 1 PDB entry (1xkk),Lapatinib,FMM,Leu718,1,1xkk,https://www.ebi.ac.uk/pdbe/entry/pdb/1xkk
LAPATINIB,726,726,Lapatinib contacts Val726 in 1 PDB entry (1xkk),Lapatinib,FMM,Val726,1,1xkk,https://www.ebi.ac.uk/pdbe/entry/pdb/1xkk
LAPATINIB,743,743,Lapatinib contacts Ala743 in 1 PDB entry (1xkk),Lapatinib,FMM,Ala743,1,1xkk,https://www.ebi.ac.uk/pdbe/entry/pdb/1xkk
LAPATINIB,745,745,Lapatinib contacts Lys745 in 1 PDB entry (1xkk),Lapatinib,FMM,Lys745,1,1xkk,https://www.ebi.ac.uk/pdbe/entry/pdb/1xkk
LAPATINIB,766,766,Lapatinib contacts Met766 in 1 PDB entry (1xkk),Lapatinib,FMM,Met766,1,1xkk,https://www.ebi.ac.uk/pdbe/entry/pdb/1xkk
LAPATINIB,775,775,Lapatinib contacts Cys775 in 1 PDB entry (1xkk),Lapatinib,FMM,Cys775,1,1xkk,https://www.ebi.ac.uk/pdbe/entry/pdb/1xkk
LAPATINIB,776,776,Lapatinib contacts Arg776 in 1 PDB entry (1xkk),Lapatinib,FMM,Arg776,1,1xkk,https://www.ebi.ac.uk/pdbe/entry/pdb/1xkk
LAPATINIB,777,777,Lapatinib contacts Leu777 in 1 PDB entry (1xkk),Lapatinib,FMM,Leu777,1,1xkk,https://www.ebi.ac.uk/pdbe/entry/pdb/1xkk
LAPATINIB,788,788,Lapatinib contacts Leu788 in 1 PDB entry (1xkk),Lapatinib,FMM,Leu788,1,1xkk,https://www.ebi.ac.uk/pdbe/entry/pdb/1xkk
LAPATINIB,790,790,Lapatinib contacts Thr790 in 1 PDB entry (1xkk),Lapatinib,FMM,Thr790,1,1xkk,https://www.ebi.ac.uk/pdbe/entry/pdb/1xkk
LAPATINIB,791,791,Lapatinib contacts Gln791 in 1 PDB entry (1xkk),Lapatinib,FMM,Gln791,1,1xkk,https://www.ebi.ac.uk/pdbe/entry/pdb/1xkk
LAPATINIB,792,792,Lapatinib contacts Leu792 in 1 PDB entry (1xkk),Lapatinib,FMM,Leu792,1,1xkk,https://www.ebi.ac.uk/pdbe/entry/pdb/1xkk
LAPATINIB,793,793,Lapatinib contacts Met793 in 1 PDB entry (1xkk),Lapatinib,FMM,Met793,1,1xkk,https://www.ebi.ac.uk/pdbe/entry/pdb/1xkk
LAPATINIB,797,797,Lapatinib contacts Cys797 in 1 PDB entry (1xkk),Lapatinib,FMM,Cys797,1,1xkk,https://www.ebi.ac.uk/pdbe/entry/pdb/1xkk
LAPATINIB,799,799,Lapatinib contacts Leu799 in 1 PDB entry (1xkk),Lapatinib,FMM,Leu799,1,1xkk,https://www.ebi.ac.uk/pdbe/entry/pdb/1xkk
LAPATINIB,800,800,Lapatinib contacts Asp800 in 1 PDB entry (1xkk),Lapatinib,FMM,Asp800,1,1xkk,https://www.ebi.ac.uk/pdbe/entry/pdb/1xkk
LAPATINIB,841,841,Lapatinib contacts Arg841 in 1 PDB entry (1xkk),Lapatinib,FMM,Arg841,1,1xkk,https://www.ebi.ac.uk/pdbe/entry/pdb/1xkk
LAPATINIB,844,844,Lapatinib contacts Leu844 in 1 PDB entry (1xkk),Lapatinib,FMM,Leu844,1,1xkk,https://www.ebi.ac.uk/pdbe/entry/pdb/1xkk
LAPATINIB,854,854,Lapatinib contacts Thr854 in 1 PDB entry (1xkk),Lapatinib,FMM,Thr854,1,1xkk,https://www.ebi.ac.uk/pdbe/entry/pdb/1xkk
LAPATINIB,855,855,Lapatinib contacts Asp855 in 1 PDB entry (1xkk),Lapatinib,FMM,Asp855,1,1xkk,https://www.ebi.ac.uk/pdbe/entry/pdb/1xkk
LAPATINIB,856,856,Lapatinib contacts Phe856 in 1 PDB entry (1xkk),Lapatinib,FMM,Phe856,1,1xkk,https://www.ebi.ac.uk/pdbe/entry/pdb/1xkk
LAPATINIB,1002,1002,Lapatinib contacts Met1002 in 1 PDB entry (1xkk),Lapatinib,FMM,Met1002,1,1xkk,https://www.ebi.ac.uk/pdbe/entry/pdb/1xkk
NERATINIB,718,718,+ACI-Neratinib contacts Leu718 in 2 PDB entries (2jiv, 3w2q)+ACI-,Neratinib,HKI,Leu718,2,2jiv 3w2q,https://www.ebi.ac.uk/pdbe/entry/pdb/2jiv
NERATINIB,726,726,+ACI-Neratinib contacts Val726 in 2 PDB entries (2jiv, 3w2q)+ACI-,Neratinib,HKI,Val726,2,2jiv 3w2q,https://www.ebi.ac.uk/pdbe/entry/pdb/2jiv
NERATINIB,743,743,+ACI-Neratinib contacts Ala743 in 2 PDB entries (2jiv, 3w2q)+ACI-,Neratinib,HKI,Ala743,2,2jiv 3w2q,https://www.ebi.ac.uk/pdbe/entry/pdb/2jiv
NERATINIB,745,745,+ACI-Neratinib contacts Lys745 in 2 PDB entries (2jiv, 3w2q)+ACI-,Neratinib,HKI,Lys745,2,2jiv 3w2q,https://www.ebi.ac.uk/pdbe/entry/pdb/2jiv
NERATINIB,759,759,+ACI-Neratinib contacts Ile759 in 2 PDB entries (2jiv, 3w2q)+ACI-,Neratinib,HKI,Ile759,2,2jiv 3w2q,https://www.ebi.ac.uk/pdbe/entry/pdb/2jiv
NERATINIB,762,762,+ACI-Neratinib contacts Glu762 in 2 PDB entries (2jiv, 3w2q)+ACI-,Neratinib,HKI,Glu762,2,2jiv 3w2q,https://www.ebi.ac.uk/pdbe/entry/pdb/2jiv
NERATINIB,763,763,+ACI-Neratinib contacts Ala763 in 2 PDB entries (2jiv, 3w2q)+ACI-,Neratinib,HKI,Ala763,2,2jiv 3w2q,https://www.ebi.ac.uk/pdbe/entry/pdb/2jiv
NERATINIB,766,766,+ACI-Neratinib contacts Met766 in 2 PDB entries (2jiv, 3w2q)+ACI-,Neratinib,HKI,Met766,2,2jiv 3w2q,https://www.ebi.ac.uk/pdbe/entry/pdb/2jiv
NERATINIB,777,777,+ACI-Neratinib contacts Leu777 in 2 PDB entries (2jiv, 3w2q)+ACI-,Neratinib,HKI,Leu777,2,2jiv 3w2q,https://www.ebi.ac.uk/pdbe/entry/pdb/2jiv
NERATINIB,788,788,+ACI-Neratinib contacts Leu788 in 2 PDB entries (2jiv, 3w2q)+ACI-,Neratinib,HKI,Leu788,2,2jiv 3w2q,https://www.ebi.ac.uk/pdbe/entry/pdb/2jiv
NERATINIB,789,789,+ACI-Neratinib contacts Ile789 in 2 PDB entries (2jiv, 3w2q)+ACI-,Neratinib,HKI,Ile789,2,2jiv 3w2q,https://www.ebi.ac.uk/pdbe/entry/pdb/2jiv
NERATINIB,790,790,+ACI-Neratinib contacts Thr790 in 2 PDB entries (2jiv, 3w2q)+ACI-,Neratinib,HKI,Thr790,2,2jiv 3w2q,https://www.ebi.ac.uk/pdbe/entry/pdb/2jiv
NERATINIB,791,791,+ACI-Neratinib contacts Gln791 in 2 PDB entries (2jiv, 3w2q)+ACI-,Neratinib,HKI,Gln791,2,2jiv 3w2q,https://www.ebi.ac.uk/pdbe/entry/pdb/2jiv
NERATINIB,792,792,+ACI-Neratinib contacts Leu792 in 2 PDB entries (2jiv, 3w2q)+ACI-,Neratinib,HKI,Leu792,2,2jiv 3w2q,https://www.ebi.ac.uk/pdbe/entry/pdb/2jiv
NERATINIB,793,793,+ACI-Neratinib contacts Met793 in 2 PDB entries (2jiv, 3w2q)+ACI-,Neratinib,HKI,Met793,2,2jiv 3w2q,https://www.ebi.ac.uk/pdbe/entry/pdb/2jiv
NERATINIB,794,794,+ACI-Neratinib contacts Pro794 in 2 PDB entries (2jiv, 3w2q)+ACI-,Neratinib,HKI,Pro794,2,2jiv 3w2q,https://www.ebi.ac.uk/pdbe/entry/pdb/2jiv
NERATINIB,796,796,+ACI-Neratinib contacts Gly796 in 2 PDB entries (2jiv, 3w2q)+ACI-,Neratinib,HKI,Gly796,2,2jiv 3w2q,https://www.ebi.ac.uk/pdbe/entry/pdb/2jiv
NERATINIB,797,797,+ACI-Neratinib contacts Cys797 in 2 PDB entries (2jiv, 3w2q)+ACI-,Neratinib,HKI,Cys797,2,2jiv 3w2q,https://www.ebi.ac.uk/pdbe/entry/pdb/2jiv
NERATINIB,800,800,+ACI-Neratinib contacts Asp800 in 2 PDB entries (2jiv, 3w2q)+ACI-,Neratinib,HKI,Asp800,2,2jiv 3w2q,https://www.ebi.ac.uk/pdbe/entry/pdb/2jiv
NERATINIB,844,844,+ACI-Neratinib contacts Leu844 in 2 PDB entries (2jiv, 3w2q)+ACI-,Neratinib,HKI,Leu844,2,2jiv 3w2q,https://www.ebi.ac.uk/pdbe/entry/pdb/2jiv
NERATINIB,854,854,+ACI-Neratinib contacts Thr854 in 2 PDB entries (2jiv, 3w2q)+ACI-,Neratinib,HKI,Thr854,2,2jiv 3w2q,https://www.ebi.ac.uk/pdbe/entry/pdb/2jiv
NERATINIB,855,855,+ACI-Neratinib contacts Asp855 in 2 PDB entries (2jiv, 3w2q)+ACI-,Neratinib,HKI,Asp855,2,2jiv 3w2q,https://www.ebi.ac.uk/pdbe/entry/pdb/2jiv
NERATINIB,856,856,+ACI-Neratinib contacts Phe856 in 2 PDB entries (2jiv, 3w2q)+ACI-,Neratinib,HKI,Phe856,2,2jiv 3w2q,https://www.ebi.ac.uk/pdbe/entry/pdb/2jiv
OSIMERTINIB,718,718,+ACI-Osimertinib contacts Leu718 in 10 PDB entries (4zau, 6jwl, 6jx0, 6jx4, 6jxt, +ICY-)+ACI-,Osimertinib,YY3,Leu718,10,4zau 6jwl 6jx0 6jx4 6jxt 6lud 7jxm 7jxp 7jxw 7k1h,https://www.ebi.ac.uk/pdbe/entry/pdb/4zau
OSIMERTINIB,719,719,+ACI-Osimertinib contacts Gly719 in 10 PDB entries (4zau, 6jwl, 6jx0, 6jx4, 6jxt, +ICY-)+ACI-,Osimertinib,YY3,Gly719,10,4zau 6jwl 6jx0 6jx4 6jxt 6lud 7jxm 7jxp 7jxw 7k1h,https://www.ebi.ac.uk/pdbe/entry/pdb/4zau
OSIMERTINIB,720,720,+ACI-Osimertinib contacts Ser720 in 10 PDB entries (4zau, 6jwl, 6jx0, 6jx4, 6jxt, +ICY-)+ACI-,Osimertinib,YY3,Ser720,10,4zau 6jwl 6jx0 6jx4 6jxt 6lud 7jxm 7jxp 7jxw 7k1h,https://www.ebi.ac.uk/pdbe/entry/pdb/4zau
OSIMERTINIB,723,723,+ACI-Osimertinib contacts Phe723 in 10 PDB entries (4zau, 6jwl, 6jx0, 6jx4, 6jxt, +ICY-)+ACI-,Osimertinib,YY3,Phe723,10,4zau 6jwl 6jx0 6jx4 6jxt 6lud 7jxm 7jxp 7jxw 7k1h,https://www.ebi.ac.uk/pdbe/entry/pdb/4zau
OSIMERTINIB,726,726,+ACI-Osimertinib contacts Val726 in 10 PDB entries (4zau, 6jwl, 6jx0, 6jx4, 6jxt, +ICY-)+ACI-,Osimertinib,YY3,Val726,10,4zau 6jwl 6jx0 6jx4 6jxt 6lud 7jxm 7jxp 7jxw 7k1h,https://www.ebi.ac.uk/pdbe/entry/pdb/4zau
OSIMERTINIB,743,743,+ACI-Osimertinib contacts Ala743 in 10 PDB entries (4zau, 6jwl, 6jx0, 6jx4, 6jxt, +ICY-)+ACI-,Osimertinib,YY3,Ala743,10,4zau 6jwl 6jx0 6jx4 6jxt 6lud 7jxm 7jxp 7jxw 7k1h,https://www.ebi.ac.uk/pdbe/entry/pdb/4zau
OSIMERTINIB,745,745,+ACI-Osimertinib contacts Lys745 in 10 PDB entries (4zau, 6jwl, 6jx0, 6jx4, 6jxt, +ICY-)+ACI-,Osimertinib,YY3,Lys745,10,4zau 6jwl 6jx0 6jx4 6jxt 6lud 7jxm 7jxp 7jxw 7k1h,https://www.ebi.ac.uk/pdbe/entry/pdb/4zau
OSIMERTINIB,750,750,+ACI-Osimertinib contacts Ala750 in 10 PDB entries (4zau, 6jwl, 6jx0, 6jx4, 6jxt, +ICY-)+ACI-,Osimertinib,YY3,Ala750,10,4zau 6jwl 6jx0 6jx4 6jxt 6lud 7jxm 7jxp 7jxw 7k1h,https://www.ebi.ac.uk/pdbe/entry/pdb/4zau
OSIMERTINIB,751,751,+ACI-Osimertinib contacts Thr751 in 10 PDB entries (4zau, 6jwl, 6jx0, 6jx4, 6jxt, +ICY-)+ACI-,Osimertinib,YY3,Thr751,10,4zau 6jwl 6jx0 6jx4 6jxt 6lud 7jxm 7jxp 7jxw 7k1h,https://www.ebi.ac.uk/pdbe/entry/pdb/4zau
OSIMERTINIB,752,752,+ACI-Osimertinib contacts Ser752 in 10 PDB entries (4zau, 6jwl, 6jx0, 6jx4, 6jxt, +ICY-)+ACI-,Osimertinib,YY3,Ser752,10,4zau 6jwl 6jx0 6jx4 6jxt 6lud 7jxm 7jxp 7jxw 7k1h,https://www.ebi.ac.uk/pdbe/entry/pdb/4zau
OSIMERTINIB,753,753,+ACI-Osimertinib contacts Pro753 in 10 PDB entries (4zau, 6jwl, 6jx0, 6jx4, 6jxt, +ICY-)+ACI-,Osimertinib,YY3,Pro753,10,4zau 6jwl 6jx0 6jx4 6jxt 6lud 7jxm 7jxp 7jxw 7k1h,https://www.ebi.ac.uk/pdbe/entry/pdb/4zau
OSIMERTINIB,756,756,+ACI-Osimertinib contacts Asn756 in 10 PDB entries (4zau, 6jwl, 6jx0, 6jx4, 6jxt, +ICY-)+ACI-,Osimertinib,YY3,Asn756,10,4zau 6jwl 6jx0 6jx4 6jxt 6lud 7jxm 7jxp 7jxw 7k1h,https://www.ebi.ac.uk/pdbe/entry/pdb/4zau
OSIMERTINIB,790,790,+ACI-Osimertinib contacts Thr790 in 10 PDB entries (4zau, 6jwl, 6jx0, 6jx4, 6jxt, +ICY-)+ACI-,Osimertinib,YY3,Thr790,10,4zau 6jwl 6jx0 6jx4 6jxt 6lud 7jxm 7jxp 7jxw 7k1h,https://www.ebi.ac.uk/pdbe/entry/pdb/4zau
OSIMERTINIB,791,791,+ACI-Osimertinib contacts Gln791 in 10 PDB entries (4zau, 6jwl, 6jx0, 6jx4, 6jxt, +ICY-)+ACI-,Osimertinib,YY3,Gln791,10,4zau 6jwl 6jx0 6jx4 6jxt 6lud 7jxm 7jxp 7jxw 7k1h,https://www.ebi.ac.uk/pdbe/entry/pdb/4zau
OSIMERTINIB,792,792,+ACI-Osimertinib contacts Leu792 in 10 PDB entries (4zau, 6jwl, 6jx0, 6jx4, 6jxt, +ICY-)+ACI-,Osimertinib,YY3,Leu792,10,4zau 6jwl 6jx0 6jx4 6jxt 6lud 7jxm 7jxp 7jxw 7k1h,https://www.ebi.ac.uk/pdbe/entry/pdb/4zau
OSIMERTINIB,793,793,+ACI-Osimertinib contacts Met793 in 10 PDB entries (4zau, 6jwl, 6jx0, 6jx4, 6jxt, +ICY-)+ACI-,Osimertinib,YY3,Met793,10,4zau 6jwl 6jx0 6jx4 6jxt 6lud 7jxm 7jxp 7jxw 7k1h,https://www.ebi.ac.uk/pdbe/entry/pdb/4zau
OSIMERTINIB,794,794,+ACI-Osimertinib contacts Pro794 in 10 PDB entries (4zau, 6jwl, 6jx0, 6jx4, 6jxt, +ICY-)+ACI-,Osimertinib,YY3,Pro794,10,4zau 6jwl 6jx0 6jx4 6jxt 6lud 7jxm 7jxp 7jxw 7k1h,https://www.ebi.ac.uk/pdbe/entry/pdb/4zau
OSIMERTINIB,796,796,+ACI-Osimertinib contacts Gly796 in 10 PDB entries (4zau, 6jwl, 6jx0, 6jx4, 6jxt, +ICY-)+ACI-,Osimertinib,YY3,Gly796,10,4zau 6jwl 6jx0 6jx4 6jxt 6lud 7jxm 7jxp 7jxw 7k1h,https://www.ebi.ac.uk/pdbe/entry/pdb/4zau
OSIMERTINIB,797,797,+ACI-Osimertinib contacts Cys797 in 10 PDB entries (4zau, 6jwl, 6jx0, 6jx4, 6jxt, +ICY-)+ACI-,Osimertinib,YY3,Cys797,10,4zau 6jwl 6jx0 6jx4 6jxt 6lud 7jxm 7jxp 7jxw 7k1h,https://www.ebi.ac.uk/pdbe/entry/pdb/4zau
OSIMERTINIB,799,799,+ACI-Osimertinib contacts Leu799 in 10 PDB entries (4zau, 6jwl, 6jx0, 6jx4, 6jxt, +ICY-)+ACI-,Osimertinib,YY3,Leu799,10,4zau 6jwl 6jx0 6jx4 6jxt 6lud 7jxm 7jxp 7jxw 7k1h,https://www.ebi.ac.uk/pdbe/entry/pdb/4zau
OSIMERTINIB,800,800,+ACI-Osimertinib contacts Asp800 in 10 PDB entries (4zau, 6jwl, 6jx0, 6jx4, 6jxt, +ICY-)+ACI-,Osimertinib,YY3,Asp800,10,4zau 6jwl 6jx0 6jx4 6jxt 6lud 7jxm 7jxp 7jxw 7k1h,https://www.ebi.ac.uk/pdbe/entry/pdb/4zau
OSIMERTINIB,804,804,+ACI-Osimertinib contacts Glu804 in 10 PDB entries (4zau, 6jwl, 6jx0, 6jx4, 6jxt, +ICY-)+ACI-,Osimertinib,YY3,Glu804,10,4zau 6jwl 6jx0 6jx4 6jxt 6lud 7jxm 7jxp 7jxw 7k1h,https://www.ebi.ac.uk/pdbe/entry/pdb/4zau
OSIMERTINIB,841,841,+ACI-Osimertinib contacts Arg841 in 10 PDB entries (4zau, 6jwl, 6jx0, 6jx4, 6jxt, +ICY-)+ACI-,Osimertinib,YY3,Arg841,10,4zau 6jwl 6jx0 6jx4 6jxt 6lud 7jxm 7jxp 7jxw 7k1h,https://www.ebi.ac.uk/pdbe/entry/pdb/4zau
OSIMERTINIB,844,844,+ACI-Osimertinib contacts Leu844 in 10 PDB entries (4zau, 6jwl, 6jx0, 6jx4, 6jxt, +ICY-)+ACI-,Osimertinib,YY3,Leu844,10,4zau 6jwl 6jx0 6jx4 6jxt 6lud 7jxm 7jxp 7jxw 7k1h,https://www.ebi.ac.uk/pdbe/entry/pdb/4zau
OSIMERTINIB,854,854,+ACI-Osimertinib contacts Thr854 in 10 PDB entries (4zau, 6jwl, 6jx0, 6jx4, 6jxt, +ICY-)+ACI-,Osimertinib,YY3,Thr854,10,4zau 6jwl 6jx0 6jx4 6jxt 6lud 7jxm 7jxp 7jxw 7k1h,https://www.ebi.ac.uk/pdbe/entry/pdb/4zau
OSIMERTINIB,855,855,+ACI-Osimertinib contacts Asp855 in 10 PDB entries (4zau, 6jwl, 6jx0, 6jx4, 6jxt, +ICY-)+ACI-,Osimertinib,YY3,Asp855,10,4zau 6jwl 6jx0 6jx4 6jxt 6lud 7jxm 7jxp 7jxw 7k1h,https://www.ebi.ac.uk/pdbe/entry/pdb/4zau
